timestamp,strength,defense,speed,dexterity,total,nnb
2026-09-29T08:19:08+00:00,37,15,38,37,127,25
2026-09-29T18:07:42+00:00,40,18,40,39,137,25
2026-09-29T22:22:13+00:00,40,18,40,39,137,25
2026-09-30T05:40:47+00:00,40,27,40,39,146,25
2026-09-30T12:44:42+00:00,40,28,40,39,147,25
2026-09-30T22:22:02+00:00,40,33,40,39,152,25
2026-10-01T06:06:02+00:00,90,39,40,39,208,25
2026-10-01T13:28:53+00:00,94,41,42,39,216,25
2026-10-01T22:45:36+00:00,101,43,47,39,230,25
2026-10-02T05:49:07+00:00,101,50,47,39,237,25
